,File name,URL,Restaurant Missing,NotAcceptingOffer
0,1012320 ,https://www.grubhub.com/restaurant/1012320,True,
1,1012392 ,https://www.grubhub.com/restaurant/1012392,True,
2,1013213 ,https://www.grubhub.com/restaurant/1013213,True,
3,1031859 ,https://www.grubhub.com/restaurant/1031859,True,
4,1031862 ,https://www.grubhub.com/restaurant/1031862,True,
5,1031870 ,https://www.grubhub.com/restaurant/1031870,True,
6,1032845 ,https://www.grubhub.com/restaurant/1032845,True,
7,1039954 ,https://www.grubhub.com/restaurant/1039954,True,
8,1068227 ,https://www.grubhub.com/restaurant/subway-8084-e-mill-plain-blvd-vancouver/1068227,,true
9,1076535 ,https://www.grubhub.com/restaurant/1076535,True,
10,1104374 ,https://www.grubhub.com/restaurant/1104374,True,
11,1110226 ,https://www.grubhub.com/restaurant/1110226,True,
12,1111718 ,https://www.grubhub.com/restaurant/1111718,True,
13,1124687 ,https://www.grubhub.com/restaurant/1124687,True,
14,1152948 ,https://www.grubhub.com/restaurant/1152948,True,
15,1159992 ,https://www.grubhub.com/restaurant/1159992,True,
16,1159999 ,https://www.grubhub.com/restaurant/1159999,True,
17,1160000 ,https://www.grubhub.com/restaurant/1160000,True,
18,1160094 ,https://www.grubhub.com/restaurant/1160094,True,
19,1160095 ,https://www.grubhub.com/restaurant/1160095,True,
20,1160096 ,https://www.grubhub.com/restaurant/1160096,True,
21,1160197 ,https://www.grubhub.com/restaurant/1160197,True,
22,1160394 ,https://www.grubhub.com/restaurant/1160394,True,
23,1160599 ,https://www.grubhub.com/restaurant/1160599,True,
24,1160600 ,https://www.grubhub.com/restaurant/1160600,True,
25,1160601 ,https://www.grubhub.com/restaurant/1160601,True,
26,1160684 ,https://www.grubhub.com/restaurant/1160684,True,
27,1160689 ,https://www.grubhub.com/restaurant/1160689,True,
28,1162292 ,https://www.grubhub.com/restaurant/emma-habesha-restaurant-726-n-la-brea-ave-inglewood/1162292,,
29,1170601 ,https://www.grubhub.com/restaurant/1170601,True,
30,1186827 ,https://www.grubhub.com/restaurant/1186827,True,
31,1190860 ,https://www.grubhub.com/restaurant/1190860,True,
32,1229434 ,https://www.grubhub.com/restaurant/1229434,True,
33,1231323 ,https://www.grubhub.com/restaurant/1231323,True,
34,1305307 ,https://www.grubhub.com/restaurant/1305307,True,
35,1306668 ,https://www.grubhub.com/restaurant/1306668,True,
36,1308085 ,https://www.grubhub.com/restaurant/1308085,True,
37,1308155 ,https://www.grubhub.com/restaurant/1308155,True,
38,1308630 ,https://www.grubhub.com/restaurant/1308630,True,
39,1308988 ,https://www.grubhub.com/restaurant/1308988,True,
40,1309179 ,https://www.grubhub.com/restaurant/1309179,True,
41,1311113 ,https://www.grubhub.com/restaurant/1311113,True,
42,1311232 ,https://www.grubhub.com/restaurant/1311232,True,
43,1311421 ,https://www.grubhub.com/restaurant/1311421,True,
44,1311880 ,https://www.grubhub.com/restaurant/1311880,True,
45,1311950 ,https://www.grubhub.com/restaurant/1311950,True,
46,1311960 ,https://www.grubhub.com/restaurant/1311960,True,
47,1311987 ,https://www.grubhub.com/restaurant/1311987,True,
48,1312481 ,https://www.grubhub.com/restaurant/1312481,True,
49,1313508 ,https://www.grubhub.com/restaurant/1313508,True,
50,1313638 ,https://www.grubhub.com/restaurant/1313638,True,
51,1313758 ,https://www.grubhub.com/restaurant/1313758,True,
52,1313953 ,https://www.grubhub.com/restaurant/1313953,True,
53,1314009 ,https://www.grubhub.com/restaurant/1314009,True,
54,1314052 ,https://www.grubhub.com/restaurant/1314052,True,
55,1314132 ,https://www.grubhub.com/restaurant/1314132,True,
56,1314283 ,https://www.grubhub.com/restaurant/1314283,True,
57,1314286 ,https://www.grubhub.com/restaurant/1314286,True,
58,1314299 ,https://www.grubhub.com/restaurant/1314299,True,
59,1314300 ,https://www.grubhub.com/restaurant/1314300,True,
60,1314313 ,https://www.grubhub.com/restaurant/1314313,True,
61,1314406 ,https://www.grubhub.com/restaurant/1314406,True,
62,1314580 ,https://www.grubhub.com/restaurant/1314580,True,
63,1314684 ,https://www.grubhub.com/restaurant/1314684,True,
64,1314882 ,https://www.grubhub.com/restaurant/1314882,True,
65,1317168 ,https://www.grubhub.com/restaurant/1317168,True,
66,1317367 ,https://www.grubhub.com/restaurant/1317367,True,
67,1317458 ,https://www.grubhub.com/restaurant/1317458,True,
68,1317475 ,https://www.grubhub.com/restaurant/1317475,True,
69,1318524 ,https://www.grubhub.com/restaurant/1318524,True,
70,1318528 ,https://www.grubhub.com/restaurant/1318528,True,
71,1318535 ,https://www.grubhub.com/restaurant/1318535,True,
72,1318920 ,https://www.grubhub.com/restaurant/1318920,True,
73,1319041 ,https://www.grubhub.com/restaurant/1319041,True,
74,1319043 ,https://www.grubhub.com/restaurant/1319043,True,
75,1319309 ,https://www.grubhub.com/restaurant/1319309,True,
76,1319366 ,https://www.grubhub.com/restaurant/1319366,True,
77,1319439 ,https://www.grubhub.com/restaurant/1319439,True,
78,1319756 ,https://www.grubhub.com/restaurant/1319756,True,
79,1320174 ,https://www.grubhub.com/restaurant/1320174,True,
80,1321358 ,https://www.grubhub.com/restaurant/1321358,True,
81,1321384 ,https://www.grubhub.com/restaurant/1321384,True,
82,1321435 ,https://www.grubhub.com/restaurant/1321435,True,
83,1321440 ,https://www.grubhub.com/restaurant/1321440,True,
84,1321743 ,https://www.grubhub.com/restaurant/1321743,True,
85,1321754 ,https://www.grubhub.com/restaurant/1321754,True,
86,1321758 ,https://www.grubhub.com/restaurant/1321758,True,
87,1321938 ,https://www.grubhub.com/restaurant/1321938,True,
88,1322001 ,https://www.grubhub.com/restaurant/1322001,True,
89,1322031 ,https://www.grubhub.com/restaurant/1322031,True,
90,1322070 ,https://www.grubhub.com/restaurant/1322070,True,
91,1322423 ,https://www.grubhub.com/restaurant/1322423,True,
92,1322443 ,https://www.grubhub.com/restaurant/1322443,True,
93,1322981 ,https://www.grubhub.com/restaurant/1322981,True,
94,1323093 ,https://www.grubhub.com/restaurant/1323093,True,
95,1323266 ,https://www.grubhub.com/restaurant/1323266,True,
96,1324562 ,https://www.grubhub.com/restaurant/1324562,True,
97,1324853 ,https://www.grubhub.com/restaurant/1324853,True,
98,1325191 ,https://www.grubhub.com/restaurant/1325191,True,
99,1325245 ,https://www.grubhub.com/restaurant/1325245,True,
100,1325665 ,https://www.grubhub.com/restaurant/1325665,True,
101,1325715 ,https://www.grubhub.com/restaurant/1325715,True,
102,1325724 ,https://www.grubhub.com/restaurant/1325724,True,
103,1325763 ,https://www.grubhub.com/restaurant/1325763,True,
104,1325958 ,https://www.grubhub.com/restaurant/1325958,True,
105,1326099 ,https://www.grubhub.com/restaurant/1326099,True,
106,1326330 ,https://www.grubhub.com/restaurant/1326330,True,
107,1326436 ,https://www.grubhub.com/restaurant/1326436,True,
108,1326844 ,https://www.grubhub.com/restaurant/1326844,True,
109,1327144 ,https://www.grubhub.com/restaurant/1327144,True,
110,1327162 ,https://www.grubhub.com/restaurant/1327162,True,
111,1327178 ,https://www.grubhub.com/restaurant/1327178,True,
112,1327222 ,https://www.grubhub.com/restaurant/1327222,True,
113,1327295 ,https://www.grubhub.com/restaurant/1327295,True,
114,1327369 ,https://www.grubhub.com/restaurant/1327369,True,
115,1327376 ,https://www.grubhub.com/restaurant/1327376,True,
116,1327454 ,https://www.grubhub.com/restaurant/1327454,True,
117,1327512 ,https://www.grubhub.com/restaurant/1327512,True,
118,1327525 ,https://www.grubhub.com/restaurant/1327525,True,
119,1327644 ,https://www.grubhub.com/restaurant/1327644,True,
120,1327841 ,https://www.grubhub.com/restaurant/1327841,True,
121,1327857 ,https://www.grubhub.com/restaurant/1327857,True,
122,1327967 ,https://www.grubhub.com/restaurant/1327967,True,
123,1328268 ,https://www.grubhub.com/restaurant/1328268,True,
124,1328270 ,https://www.grubhub.com/restaurant/1328270,True,
125,1328328 ,https://www.grubhub.com/restaurant/1328328,True,
126,1328422 ,https://www.grubhub.com/restaurant/1328422,True,
127,1328520 ,https://www.grubhub.com/restaurant/1328520,True,
128,1328605 ,https://www.grubhub.com/restaurant/1328605,True,
129,1328709 ,https://www.grubhub.com/restaurant/1328709,True,
130,1328796 ,https://www.grubhub.com/restaurant/1328796,True,
131,1328804 ,https://www.grubhub.com/restaurant/1328804,True,
132,1328879 ,https://www.grubhub.com/restaurant/1328879,True,
133,1328892 ,https://www.grubhub.com/restaurant/1328892,True,
134,1328911 ,https://www.grubhub.com/restaurant/1328911,True,
135,1328915 ,https://www.grubhub.com/restaurant/1328915,True,
136,1328924 ,https://www.grubhub.com/restaurant/1328924,True,
137,1329038 ,https://www.grubhub.com/restaurant/1329038,True,
138,1329160 ,https://www.grubhub.com/restaurant/1329160,True,
139,1329201 ,https://www.grubhub.com/restaurant/1329201,True,
140,1329240 ,https://www.grubhub.com/restaurant/1329240,True,
141,1329300 ,https://www.grubhub.com/restaurant/1329300,True,
142,1329306 ,https://www.grubhub.com/restaurant/1329306,True,
143,1329667 ,https://www.grubhub.com/restaurant/1329667,True,
144,1330331 ,https://www.grubhub.com/restaurant/1330331,True,
145,1332826 ,https://www.grubhub.com/restaurant/1332826,True,
146,1333176 ,https://www.grubhub.com/restaurant/1333176,True,
147,1333399 ,https://www.grubhub.com/restaurant/1333399,True,
148,1334150 ,https://www.grubhub.com/restaurant/1334150,True,
149,1334322 ,https://www.grubhub.com/restaurant/1334322,True,
150,1334542 ,https://www.grubhub.com/restaurant/1334542,True,
151,1334713 ,https://www.grubhub.com/restaurant/1334713,True,
152,1335217 ,https://www.grubhub.com/restaurant/1335217,True,
153,1335255 ,https://www.grubhub.com/restaurant/1335255,True,
154,1335578 ,https://www.grubhub.com/restaurant/1335578,True,
155,1335753 ,https://www.grubhub.com/restaurant/1335753,True,
156,1335886 ,https://www.grubhub.com/restaurant/1335886,True,
157,1335919 ,https://www.grubhub.com/restaurant/1335919,True,
158,1336594 ,https://www.grubhub.com/restaurant/1336594,True,
159,1336605 ,https://www.grubhub.com/restaurant/1336605,True,
160,1338628 ,https://www.grubhub.com/restaurant/1338628,True,
161,1339443 ,https://www.grubhub.com/restaurant/1339443,True,
162,1413820 ,https://www.grubhub.com/restaurant/1413820,True,
163,1418966 ,https://www.grubhub.com/restaurant/1418966,True,
164,1419372 ,https://www.grubhub.com/restaurant/1419372,True,
165,1419644 ,https://www.grubhub.com/restaurant/1419644,True,
166,1453019 ,https://www.grubhub.com/restaurant/1453019,True,
167,1457375 ,https://www.grubhub.com/restaurant/1457375,True,
168,1457479 ,https://www.grubhub.com/restaurant/1457479,True,
169,1457587 ,https://www.grubhub.com/restaurant/1457587,True,
170,1457664 ,https://www.grubhub.com/restaurant/1457664,True,
171,1457969 ,https://www.grubhub.com/restaurant/1457969,True,
172,1458516 ,https://www.grubhub.com/restaurant/1458516,True,
173,1458538 ,https://www.grubhub.com/restaurant/1458538,True,
174,1458539 ,https://www.grubhub.com/restaurant/1458539,True,
175,1458553 ,https://www.grubhub.com/restaurant/1458553,True,
176,1458615 ,https://www.grubhub.com/restaurant/1458615,True,
177,1458643 ,https://www.grubhub.com/restaurant/1458643,True,
178,1458644 ,https://www.grubhub.com/restaurant/1458644,True,
179,1458799 ,https://www.grubhub.com/restaurant/1458799,True,
180,1458800 ,https://www.grubhub.com/restaurant/1458800,True,
181,1458822 ,https://www.grubhub.com/restaurant/1458822,True,
182,1458862 ,https://www.grubhub.com/restaurant/1458862,True,
183,1458913 ,https://www.grubhub.com/restaurant/1458913,True,
184,1458930 ,https://www.grubhub.com/restaurant/1458930,True,
185,1458976 ,https://www.grubhub.com/restaurant/1458976,True,
186,1459419 ,https://www.grubhub.com/restaurant/1459419,True,
187,1459455 ,https://www.grubhub.com/restaurant/1459455,True,
188,1459457 ,https://www.grubhub.com/restaurant/1459457,True,
189,1459552 ,https://www.grubhub.com/restaurant/1459552,True,
190,1459556 ,https://www.grubhub.com/restaurant/1459556,True,
191,1459567 ,https://www.grubhub.com/restaurant/1459567,True,
192,1459590 ,https://www.grubhub.com/restaurant/1459590,True,
193,1459591 ,https://www.grubhub.com/restaurant/1459591,True,
194,1459593 ,https://www.grubhub.com/restaurant/1459593,True,
195,1459601 ,https://www.grubhub.com/restaurant/1459601,True,
196,1459669 ,https://www.grubhub.com/restaurant/1459669,True,
197,1459724 ,https://www.grubhub.com/restaurant/1459724,True,
198,1459741 ,https://www.grubhub.com/restaurant/1459741,True,
199,1459924 ,https://www.grubhub.com/restaurant/1459924,True,
200,1459958 ,https://www.grubhub.com/restaurant/1459958,True,
201,1459960 ,https://www.grubhub.com/restaurant/1459960,True,
202,1459974 ,https://www.grubhub.com/restaurant/1459974,True,
203,1459975 ,https://www.grubhub.com/restaurant/1459975,True,
204,1460010 ,https://www.grubhub.com/restaurant/1460010,True,
205,1460022 ,https://www.grubhub.com/restaurant/1460022,True,
206,1460029 ,https://www.grubhub.com/restaurant/1460029,True,
207,1460142 ,https://www.grubhub.com/restaurant/1460142,True,
208,1460184 ,https://www.grubhub.com/restaurant/1460184,True,
209,1460211 ,https://www.grubhub.com/restaurant/1460211,True,
210,1460314 ,https://www.grubhub.com/restaurant/1460314,True,
211,1460339 ,https://www.grubhub.com/restaurant/1460339,True,
212,1460354 ,https://www.grubhub.com/restaurant/1460354,True,
213,1460410 ,https://www.grubhub.com/restaurant/1460410,True,
214,1460497 ,https://www.grubhub.com/restaurant/1460497,True,
215,1460540 ,https://www.grubhub.com/restaurant/1460540,True,
216,1460543 ,https://www.grubhub.com/restaurant/1460543,True,
217,1460612 ,https://www.grubhub.com/restaurant/1460612,True,
218,1460644 ,https://www.grubhub.com/restaurant/1460644,True,
219,1460722 ,https://www.grubhub.com/restaurant/1460722,True,
220,1460815 ,https://www.grubhub.com/restaurant/1460815,True,
221,1462072 ,https://www.grubhub.com/restaurant/1462072,True,
222,1499176 ,https://www.grubhub.com/restaurant/1499176,True,
223,1499244 ,https://www.grubhub.com/restaurant/1499244,True,
224,1499377 ,https://www.grubhub.com/restaurant/1499377,True,
225,1499540 ,https://www.grubhub.com/restaurant/1499540,True,
226,1499848 ,https://www.grubhub.com/restaurant/1499848,True,
227,1499864 ,https://www.grubhub.com/restaurant/1499864,True,
228,1500380 ,https://www.grubhub.com/restaurant/1500380,True,
229,1500752 ,https://www.grubhub.com/restaurant/1500752,True,
230,1500829 ,https://www.grubhub.com/restaurant/1500829,True,
231,1500894 ,https://www.grubhub.com/restaurant/1500894,True,
232,1500912 ,https://www.grubhub.com/restaurant/1500912,True,
233,1501114 ,https://www.grubhub.com/restaurant/1501114,True,
234,1501641 ,https://www.grubhub.com/restaurant/1501641,True,
235,1501925 ,https://www.grubhub.com/restaurant/1501925,True,
236,1501928 ,https://www.grubhub.com/restaurant/1501928,True,
237,1502000 ,https://www.grubhub.com/restaurant/1502000,True,
238,1502009 ,https://www.grubhub.com/restaurant/1502009,True,
239,1502103 ,https://www.grubhub.com/restaurant/1502103,True,
240,1502108 ,https://www.grubhub.com/restaurant/1502108,True,
241,1502109 ,https://www.grubhub.com/restaurant/1502109,True,
242,1502126 ,https://www.grubhub.com/restaurant/1502126,True,
243,1502151 ,https://www.grubhub.com/restaurant/1502151,True,
244,1502241 ,https://www.grubhub.com/restaurant/1502241,True,
245,1502284 ,https://www.grubhub.com/restaurant/1502284,True,
246,1502343 ,https://www.grubhub.com/restaurant/1502343,True,
247,1502372 ,https://www.grubhub.com/restaurant/1502372,True,
248,1502568 ,https://www.grubhub.com/restaurant/1502568,True,
249,1502590 ,https://www.grubhub.com/restaurant/1502590,True,
250,1502690 ,https://www.grubhub.com/restaurant/1502690,True,
251,1502722 ,https://www.grubhub.com/restaurant/1502722,True,
252,1502784 ,https://www.grubhub.com/restaurant/1502784,True,
253,1502848 ,https://www.grubhub.com/restaurant/1502848,True,
254,1503174 ,https://www.grubhub.com/restaurant/1503174,True,
255,1503205 ,https://www.grubhub.com/restaurant/1503205,True,
256,1503214 ,https://www.grubhub.com/restaurant/1503214,True,
257,1503511 ,https://www.grubhub.com/restaurant/1503511,True,
258,1503566 ,https://www.grubhub.com/restaurant/1503566,True,
259,1503600 ,https://www.grubhub.com/restaurant/1503600,True,
260,1503696 ,https://www.grubhub.com/restaurant/1503696,True,
261,1503720 ,https://www.grubhub.com/restaurant/1503720,True,
262,1503849 ,https://www.grubhub.com/restaurant/1503849,True,
263,1503900 ,https://www.grubhub.com/restaurant/1503900,True,
264,1503974 ,https://www.grubhub.com/restaurant/1503974,True,
265,1503985 ,https://www.grubhub.com/restaurant/1503985,True,
266,1504151 ,https://www.grubhub.com/restaurant/1504151,True,
267,1504199 ,https://www.grubhub.com/restaurant/1504199,True,
268,1504272 ,https://www.grubhub.com/restaurant/1504272,True,
269,1504291 ,https://www.grubhub.com/restaurant/1504291,True,
270,1504347 ,https://www.grubhub.com/restaurant/1504347,True,
271,1504422 ,https://www.grubhub.com/restaurant/1504422,True,
272,1504548 ,https://www.grubhub.com/restaurant/1504548,True,
273,1504602 ,https://www.grubhub.com/restaurant/1504602,True,
274,1504627 ,https://www.grubhub.com/restaurant/1504627,True,
275,1504748 ,https://www.grubhub.com/restaurant/1504748,True,
276,1504750 ,https://www.grubhub.com/restaurant/1504750,True,
277,1504759 ,https://www.grubhub.com/restaurant/1504759,True,
278,1504810 ,https://www.grubhub.com/restaurant/1504810,True,
279,1504859 ,https://www.grubhub.com/restaurant/1504859,True,
280,1504927 ,https://www.grubhub.com/restaurant/1504927,True,
281,1504963 ,https://www.grubhub.com/restaurant/1504963,True,
282,1505021 ,https://www.grubhub.com/restaurant/1505021,True,
283,1505083 ,https://www.grubhub.com/restaurant/1505083,True,
284,1505326 ,https://www.grubhub.com/restaurant/1505326,True,
285,1505337 ,https://www.grubhub.com/restaurant/1505337,True,
286,1505608 ,https://www.grubhub.com/restaurant/1505608,True,
287,1505721 ,https://www.grubhub.com/restaurant/1505721,True,
288,1505880 ,https://www.grubhub.com/restaurant/1505880,True,
289,1505935 ,https://www.grubhub.com/restaurant/1505935,True,
290,1505972 ,https://www.grubhub.com/restaurant/1505972,True,
291,1506023 ,https://www.grubhub.com/restaurant/1506023,True,
292,1506052 ,https://www.grubhub.com/restaurant/1506052,True,
293,1506060 ,https://www.grubhub.com/restaurant/1506060,True,
294,1506119 ,https://www.grubhub.com/restaurant/1506119,True,
295,1506185 ,https://www.grubhub.com/restaurant/1506185,True,
296,1506194 ,https://www.grubhub.com/restaurant/1506194,True,
297,1506225 ,https://www.grubhub.com/restaurant/1506225,True,
298,1506433 ,https://www.grubhub.com/restaurant/1506433,True,
299,1506542 ,https://www.grubhub.com/restaurant/1506542,True,
300,1506771 ,https://www.grubhub.com/restaurant/1506771,True,
301,1507156 ,https://www.grubhub.com/restaurant/1507156,True,
302,1507443 ,https://www.grubhub.com/restaurant/1507443,True,
303,1507599 ,https://www.grubhub.com/restaurant/1507599,True,
304,1507633 ,https://www.grubhub.com/restaurant/1507633,True,
305,1507664 ,https://www.grubhub.com/restaurant/1507664,True,
306,1507782 ,https://www.grubhub.com/restaurant/1507782,True,
307,1507790 ,https://www.grubhub.com/restaurant/1507790,True,
308,1507869 ,https://www.grubhub.com/restaurant/1507869,True,
309,1508062 ,https://www.grubhub.com/restaurant/1508062,True,
310,1508070 ,https://www.grubhub.com/restaurant/1508070,True,
311,1508260 ,https://www.grubhub.com/restaurant/1508260,True,
312,1508334 ,https://www.grubhub.com/restaurant/1508334,True,
313,1508600 ,https://www.grubhub.com/restaurant/1508600,True,
314,1508766 ,https://www.grubhub.com/restaurant/1508766,True,
315,1509112 ,https://www.grubhub.com/restaurant/1509112,True,
316,1509113 ,https://www.grubhub.com/restaurant/1509113,True,
317,1509373 ,https://www.grubhub.com/restaurant/1509373,True,
318,1509407 ,https://www.grubhub.com/restaurant/1509407,True,
319,1509673 ,https://www.grubhub.com/restaurant/1509673,True,
320,1509764 ,https://www.grubhub.com/restaurant/1509764,True,
321,1509886 ,https://www.grubhub.com/restaurant/1509886,True,
322,1509891 ,https://www.grubhub.com/restaurant/1509891,True,
323,1510117 ,https://www.grubhub.com/restaurant/1510117,True,
324,1510218 ,https://www.grubhub.com/restaurant/1510218,True,
325,1510321 ,https://www.grubhub.com/restaurant/1510321,True,
326,1510678 ,https://www.grubhub.com/restaurant/1510678,True,
327,1510706 ,https://www.grubhub.com/restaurant/1510706,True,
328,1510800 ,https://www.grubhub.com/restaurant/1510800,True,
329,1510830 ,https://www.grubhub.com/restaurant/1510830,True,
330,1510845 ,https://www.grubhub.com/restaurant/1510845,True,
331,1510915 ,https://www.grubhub.com/restaurant/1510915,True,
332,1511012 ,https://www.grubhub.com/restaurant/1511012,True,
333,1511061 ,https://www.grubhub.com/restaurant/1511061,True,
334,1511073 ,https://www.grubhub.com/restaurant/1511073,True,
335,1511113 ,https://www.grubhub.com/restaurant/1511113,True,
336,1511122 ,https://www.grubhub.com/restaurant/1511122,True,
337,1511351 ,https://www.grubhub.com/restaurant/1511351,True,
338,1511376 ,https://www.grubhub.com/restaurant/1511376,True,
339,1511378 ,https://www.grubhub.com/restaurant/1511378,True,
340,1511603 ,https://www.grubhub.com/restaurant/1511603,True,
341,1511878 ,https://www.grubhub.com/restaurant/1511878,True,
342,1511929 ,https://www.grubhub.com/restaurant/1511929,True,
343,1511974 ,https://www.grubhub.com/restaurant/1511974,True,
344,1512001 ,https://www.grubhub.com/restaurant/1512001,True,
345,1512154 ,https://www.grubhub.com/restaurant/1512154,True,
346,1512222 ,https://www.grubhub.com/restaurant/1512222,True,
347,1512258 ,https://www.grubhub.com/restaurant/1512258,True,
348,1512260 ,https://www.grubhub.com/restaurant/1512260,True,
349,1512294 ,https://www.grubhub.com/restaurant/1512294,True,
350,1512405 ,https://www.grubhub.com/restaurant/1512405,True,
351,1512502 ,https://www.grubhub.com/restaurant/1512502,True,
352,1512570 ,https://www.grubhub.com/restaurant/1512570,True,
353,1512621 ,https://www.grubhub.com/restaurant/1512621,True,
354,1512651 ,https://www.grubhub.com/restaurant/1512651,True,
355,1512657 ,https://www.grubhub.com/restaurant/1512657,True,
356,1512844 ,https://www.grubhub.com/restaurant/1512844,True,
357,1512938 ,https://www.grubhub.com/restaurant/1512938,True,
358,1512940 ,https://www.grubhub.com/restaurant/1512940,True,
359,1512987 ,https://www.grubhub.com/restaurant/1512987,True,
360,1513113 ,https://www.grubhub.com/restaurant/1513113,True,
361,1513136 ,https://www.grubhub.com/restaurant/1513136,True,
362,1513171 ,https://www.grubhub.com/restaurant/1513171,True,
363,1513332 ,https://www.grubhub.com/restaurant/1513332,True,
364,1513355 ,https://www.grubhub.com/restaurant/1513355,True,
365,1513481 ,https://www.grubhub.com/restaurant/1513481,True,
366,1513618 ,https://www.grubhub.com/restaurant/1513618,True,
367,1513680 ,https://www.grubhub.com/restaurant/1513680,True,
368,1513689 ,https://www.grubhub.com/restaurant/1513689,True,
369,1513955 ,https://www.grubhub.com/restaurant/1513955,True,
370,1514241 ,https://www.grubhub.com/restaurant/1514241,True,
371,1514252 ,https://www.grubhub.com/restaurant/1514252,True,
372,1514265 ,https://www.grubhub.com/restaurant/1514265,True,
373,1514294 ,https://www.grubhub.com/restaurant/1514294,True,
374,1514320 ,https://www.grubhub.com/restaurant/1514320,True,
375,1516863 ,https://www.grubhub.com/restaurant/1516863,True,
376,1517301 ,https://www.grubhub.com/restaurant/1517301,True,
377,1518348 ,https://www.grubhub.com/restaurant/1518348,True,
378,1521120 ,https://www.grubhub.com/restaurant/1521120,True,
379,1522076 ,https://www.grubhub.com/restaurant/1522076,True,
380,1522165 ,https://www.grubhub.com/restaurant/1522165,True,
381,1522171 ,https://www.grubhub.com/restaurant/1522171,True,
382,1522256 ,https://www.grubhub.com/restaurant/1522256,True,
383,1522282 ,https://www.grubhub.com/restaurant/1522282,True,
384,1522349 ,https://www.grubhub.com/restaurant/1522349,True,
385,1522353 ,https://www.grubhub.com/restaurant/1522353,True,
386,1522361 ,https://www.grubhub.com/restaurant/1522361,True,
387,1522365 ,https://www.grubhub.com/restaurant/1522365,True,
388,1522382 ,https://www.grubhub.com/restaurant/1522382,True,
389,1522384 ,https://www.grubhub.com/restaurant/1522384,True,
390,1522477 ,https://www.grubhub.com/restaurant/1522477,True,
391,1522535 ,https://www.grubhub.com/restaurant/1522535,True,
392,1522554 ,https://www.grubhub.com/restaurant/1522554,True,
393,1522570 ,https://www.grubhub.com/restaurant/1522570,True,
394,1522584 ,https://www.grubhub.com/restaurant/1522584,True,
395,1522622 ,https://www.grubhub.com/restaurant/1522622,True,
396,1522636 ,https://www.grubhub.com/restaurant/1522636,True,
397,1522647 ,https://www.grubhub.com/restaurant/1522647,True,
398,1522648 ,https://www.grubhub.com/restaurant/1522648,True,
399,1522669 ,https://www.grubhub.com/restaurant/1522669,True,
400,1522893 ,https://www.grubhub.com/restaurant/1522893,True,
401,1522925 ,https://www.grubhub.com/restaurant/1522925,True,
402,1522956 ,https://www.grubhub.com/restaurant/1522956,True,
403,1522991 ,https://www.grubhub.com/restaurant/1522991,True,
404,1522993 ,https://www.grubhub.com/restaurant/1522993,True,
405,1522994 ,https://www.grubhub.com/restaurant/1522994,True,
406,1523002 ,https://www.grubhub.com/restaurant/1523002,True,
407,1523015 ,https://www.grubhub.com/restaurant/1523015,True,
408,1523036 ,https://www.grubhub.com/restaurant/1523036,True,
409,1523039 ,https://www.grubhub.com/restaurant/1523039,True,
410,1523049 ,https://www.grubhub.com/restaurant/1523049,True,
411,1523060 ,https://www.grubhub.com/restaurant/1523060,True,
412,1523075 ,https://www.grubhub.com/restaurant/1523075,True,
413,1523082 ,https://www.grubhub.com/restaurant/1523082,True,
414,1523093 ,https://www.grubhub.com/restaurant/1523093,True,
415,1523100 ,https://www.grubhub.com/restaurant/1523100,True,
416,1523112 ,https://www.grubhub.com/restaurant/1523112,True,
417,1523152 ,https://www.grubhub.com/restaurant/1523152,True,
418,1523165 ,https://www.grubhub.com/restaurant/1523165,True,
419,1523203 ,https://www.grubhub.com/restaurant/1523203,True,
420,1523208 ,https://www.grubhub.com/restaurant/1523208,True,
421,1523225 ,https://www.grubhub.com/restaurant/1523225,True,
422,1523236 ,https://www.grubhub.com/restaurant/1523236,True,
423,1523240 ,https://www.grubhub.com/restaurant/1523240,True,
424,1523267 ,https://www.grubhub.com/restaurant/1523267,True,
425,1523283 ,https://www.grubhub.com/restaurant/1523283,True,
426,1523325 ,https://www.grubhub.com/restaurant/1523325,True,
427,1523330 ,https://www.grubhub.com/restaurant/1523330,True,
428,1523348 ,https://www.grubhub.com/restaurant/1523348,True,
429,1523351 ,https://www.grubhub.com/restaurant/1523351,True,
430,1523358 ,https://www.grubhub.com/restaurant/1523358,True,
431,1523369 ,https://www.grubhub.com/restaurant/1523369,True,
432,1523387 ,https://www.grubhub.com/restaurant/1523387,True,
433,1523390 ,https://www.grubhub.com/restaurant/1523390,True,
434,1523395 ,https://www.grubhub.com/restaurant/1523395,True,
435,1523430 ,https://www.grubhub.com/restaurant/1523430,True,
436,1523442 ,https://www.grubhub.com/restaurant/1523442,True,
437,1523455 ,https://www.grubhub.com/restaurant/1523455,True,
438,1523474 ,https://www.grubhub.com/restaurant/1523474,True,
439,1523477 ,https://www.grubhub.com/restaurant/1523477,True,
440,1523512 ,https://www.grubhub.com/restaurant/1523512,True,
441,1523515 ,https://www.grubhub.com/restaurant/1523515,True,
442,1523518 ,https://www.grubhub.com/restaurant/1523518,True,
443,1523527 ,https://www.grubhub.com/restaurant/1523527,True,
444,1523531 ,https://www.grubhub.com/restaurant/1523531,True,
445,1523543 ,https://www.grubhub.com/restaurant/1523543,True,
446,1523550 ,https://www.grubhub.com/restaurant/1523550,True,
447,1523563 ,https://www.grubhub.com/restaurant/1523563,True,
448,1523585 ,https://www.grubhub.com/restaurant/1523585,True,
449,1523635 ,https://www.grubhub.com/restaurant/1523635,True,
450,1523648 ,https://www.grubhub.com/restaurant/1523648,True,
451,1523691 ,https://www.grubhub.com/restaurant/1523691,True,
452,1523710 ,https://www.grubhub.com/restaurant/1523710,True,
453,1523725 ,https://www.grubhub.com/restaurant/1523725,True,
454,1523736 ,https://www.grubhub.com/restaurant/1523736,True,
455,1523742 ,https://www.grubhub.com/restaurant/1523742,True,
456,1523750 ,https://www.grubhub.com/restaurant/1523750,True,
457,1523753 ,https://www.grubhub.com/restaurant/1523753,True,
458,1523793 ,https://www.grubhub.com/restaurant/1523793,True,
459,1523798 ,https://www.grubhub.com/restaurant/1523798,True,
460,1523871 ,https://www.grubhub.com/restaurant/1523871,True,
461,1523901 ,https://www.grubhub.com/restaurant/1523901,True,
462,1523928 ,https://www.grubhub.com/restaurant/1523928,True,
463,1523938 ,https://www.grubhub.com/restaurant/1523938,True,
464,1523940 ,https://www.grubhub.com/restaurant/1523940,True,
465,1523950 ,https://www.grubhub.com/restaurant/1523950,True,
466,1523951 ,https://www.grubhub.com/restaurant/1523951,True,
467,1523966 ,https://www.grubhub.com/restaurant/1523966,True,
468,1523975 ,https://www.grubhub.com/restaurant/1523975,True,
469,1523999 ,https://www.grubhub.com/restaurant/1523999,True,
470,1524010 ,https://www.grubhub.com/restaurant/1524010,True,
471,1524102 ,https://www.grubhub.com/restaurant/1524102,True,
472,1524103 ,https://www.grubhub.com/restaurant/1524103,True,
473,1524113 ,https://www.grubhub.com/restaurant/1524113,True,
474,1524142 ,https://www.grubhub.com/restaurant/1524142,True,
475,1524143 ,https://www.grubhub.com/restaurant/1524143,True,
476,1524154 ,https://www.grubhub.com/restaurant/1524154,True,
477,1524166 ,https://www.grubhub.com/restaurant/1524166,True,
478,1524208 ,https://www.grubhub.com/restaurant/1524208,True,
479,1524213 ,https://www.grubhub.com/restaurant/1524213,True,
480,1524217 ,https://www.grubhub.com/restaurant/1524217,True,
481,1524236 ,https://www.grubhub.com/restaurant/1524236,True,
482,1524250 ,https://www.grubhub.com/restaurant/1524250,True,
483,1524301 ,https://www.grubhub.com/restaurant/1524301,True,
484,1524307 ,https://www.grubhub.com/restaurant/1524307,True,
485,1524325 ,https://www.grubhub.com/restaurant/1524325,True,
486,1524326 ,https://www.grubhub.com/restaurant/1524326,True,
487,1524357 ,https://www.grubhub.com/restaurant/1524357,True,
488,1524364 ,https://www.grubhub.com/restaurant/1524364,True,
489,1524400 ,https://www.grubhub.com/restaurant/1524400,True,
490,1524407 ,https://www.grubhub.com/restaurant/1524407,True,
491,1524411 ,https://www.grubhub.com/restaurant/1524411,True,
492,1524440 ,https://www.grubhub.com/restaurant/1524440,True,
493,1524448 ,https://www.grubhub.com/restaurant/1524448,True,
494,1524466 ,https://www.grubhub.com/restaurant/1524466,True,
495,1524487 ,https://www.grubhub.com/restaurant/1524487,True,
496,1524492 ,https://www.grubhub.com/restaurant/1524492,True,
497,1524496 ,https://www.grubhub.com/restaurant/1524496,True,
498,1524516 ,https://www.grubhub.com/restaurant/1524516,True,
499,1524534 ,https://www.grubhub.com/restaurant/1524534,True,
500,1524542 ,https://www.grubhub.com/restaurant/1524542,True,
501,1524556 ,https://www.grubhub.com/restaurant/1524556,True,
502,1524589 ,https://www.grubhub.com/restaurant/1524589,True,
503,1524594 ,https://www.grubhub.com/restaurant/1524594,True,
504,1524614 ,https://www.grubhub.com/restaurant/1524614,True,
505,1524654 ,https://www.grubhub.com/restaurant/1524654,True,
506,1524682 ,https://www.grubhub.com/restaurant/1524682,True,
507,1524725 ,https://www.grubhub.com/restaurant/1524725,True,
508,1524735 ,https://www.grubhub.com/restaurant/1524735,True,
509,1524758 ,https://www.grubhub.com/restaurant/1524758,True,
510,1524786 ,https://www.grubhub.com/restaurant/1524786,True,
511,1524821 ,https://www.grubhub.com/restaurant/1524821,True,
512,1524823 ,https://www.grubhub.com/restaurant/1524823,True,
513,1524825 ,https://www.grubhub.com/restaurant/1524825,True,
514,1524851 ,https://www.grubhub.com/restaurant/1524851,True,
515,1524880 ,https://www.grubhub.com/restaurant/1524880,True,
516,1524893 ,https://www.grubhub.com/restaurant/1524893,True,
517,1524895 ,https://www.grubhub.com/restaurant/1524895,True,
518,1524933 ,https://www.grubhub.com/restaurant/1524933,True,
519,1524961 ,https://www.grubhub.com/restaurant/1524961,True,
520,1524988 ,https://www.grubhub.com/restaurant/1524988,True,
521,1524992 ,https://www.grubhub.com/restaurant/1524992,True,
522,1525000 ,https://www.grubhub.com/restaurant/1525000,True,
523,1525010 ,https://www.grubhub.com/restaurant/1525010,True,
524,1525012 ,https://www.grubhub.com/restaurant/1525012,True,
525,1525016 ,https://www.grubhub.com/restaurant/1525016,True,
526,1525062 ,https://www.grubhub.com/restaurant/1525062,True,
527,1525063 ,https://www.grubhub.com/restaurant/1525063,True,
528,1525089 ,https://www.grubhub.com/restaurant/1525089,True,
529,1525100 ,https://www.grubhub.com/restaurant/1525100,True,
530,1525112 ,https://www.grubhub.com/restaurant/1525112,True,
531,1525113 ,https://www.grubhub.com/restaurant/1525113,True,
532,1525120 ,https://www.grubhub.com/restaurant/1525120,True,
533,1525122 ,https://www.grubhub.com/restaurant/1525122,True,
534,1525133 ,https://www.grubhub.com/restaurant/1525133,True,
535,1525135 ,https://www.grubhub.com/restaurant/1525135,True,
536,1525184 ,https://www.grubhub.com/restaurant/1525184,True,
537,1525206 ,https://www.grubhub.com/restaurant/1525206,True,
538,1525219 ,https://www.grubhub.com/restaurant/1525219,True,
539,1525240 ,https://www.grubhub.com/restaurant/1525240,True,
540,1525249 ,https://www.grubhub.com/restaurant/1525249,True,
541,1525253 ,https://www.grubhub.com/restaurant/1525253,True,
542,1525266 ,https://www.grubhub.com/restaurant/1525266,True,
543,1525301 ,https://www.grubhub.com/restaurant/1525301,True,
544,1525332 ,https://www.grubhub.com/restaurant/1525332,True,
545,1525358 ,https://www.grubhub.com/restaurant/1525358,True,
546,1525363 ,https://www.grubhub.com/restaurant/1525363,True,
547,1525376 ,https://www.grubhub.com/restaurant/1525376,True,
548,1525387 ,https://www.grubhub.com/restaurant/1525387,True,
549,1525395 ,https://www.grubhub.com/restaurant/1525395,True,
550,1525424 ,https://www.grubhub.com/restaurant/1525424,True,
551,1525430 ,https://www.grubhub.com/restaurant/1525430,True,
552,1525440 ,https://www.grubhub.com/restaurant/1525440,True,
553,1525460 ,https://www.grubhub.com/restaurant/1525460,True,
554,1525461 ,https://www.grubhub.com/restaurant/1525461,True,
555,1525514 ,https://www.grubhub.com/restaurant/1525514,True,
556,1525535 ,https://www.grubhub.com/restaurant/1525535,True,
557,1525564 ,https://www.grubhub.com/restaurant/1525564,True,
558,1525567 ,https://www.grubhub.com/restaurant/1525567,True,
559,1525626 ,https://www.grubhub.com/restaurant/1525626,True,
560,1525636 ,https://www.grubhub.com/restaurant/1525636,True,
561,1525662 ,https://www.grubhub.com/restaurant/1525662,True,
562,1525671 ,https://www.grubhub.com/restaurant/1525671,True,
563,1525675 ,https://www.grubhub.com/restaurant/1525675,True,
564,1525698 ,https://www.grubhub.com/restaurant/1525698,True,
565,1525789 ,https://www.grubhub.com/restaurant/1525789,True,
566,1525793 ,https://www.grubhub.com/restaurant/1525793,True,
567,1525804 ,https://www.grubhub.com/restaurant/1525804,True,
568,1525842 ,https://www.grubhub.com/restaurant/1525842,True,
569,1525846 ,https://www.grubhub.com/restaurant/1525846,True,
570,1525849 ,https://www.grubhub.com/restaurant/1525849,True,
571,1525863 ,https://www.grubhub.com/restaurant/1525863,True,
572,1525867 ,https://www.grubhub.com/restaurant/1525867,True,
573,1525879 ,https://www.grubhub.com/restaurant/1525879,True,
574,1525904 ,https://www.grubhub.com/restaurant/1525904,True,
575,1525957 ,https://www.grubhub.com/restaurant/1525957,True,
576,1525959 ,https://www.grubhub.com/restaurant/1525959,True,
577,1525961 ,https://www.grubhub.com/restaurant/1525961,True,
578,1526002 ,https://www.grubhub.com/restaurant/1526002,True,
579,1526030 ,https://www.grubhub.com/restaurant/1526030,True,
580,1526031 ,https://www.grubhub.com/restaurant/1526031,True,
581,1526036 ,https://www.grubhub.com/restaurant/1526036,True,
582,1526041 ,https://www.grubhub.com/restaurant/1526041,True,
583,1526045 ,https://www.grubhub.com/restaurant/1526045,True,
584,1526060 ,https://www.grubhub.com/restaurant/1526060,True,
585,1526074 ,https://www.grubhub.com/restaurant/1526074,True,
586,1526077 ,https://www.grubhub.com/restaurant/1526077,True,
587,1526078 ,https://www.grubhub.com/restaurant/1526078,True,
588,1526234 ,https://www.grubhub.com/restaurant/1526234,True,
589,1526240 ,https://www.grubhub.com/restaurant/1526240,True,
590,1526264 ,https://www.grubhub.com/restaurant/1526264,True,
591,1526278 ,https://www.grubhub.com/restaurant/1526278,True,
592,1526309 ,https://www.grubhub.com/restaurant/1526309,True,
593,1526310 ,https://www.grubhub.com/restaurant/1526310,True,
594,1526318 ,https://www.grubhub.com/restaurant/1526318,True,
595,1526326 ,https://www.grubhub.com/restaurant/1526326,True,
596,1526327 ,https://www.grubhub.com/restaurant/1526327,True,
597,1526350 ,https://www.grubhub.com/restaurant/1526350,True,
598,1526385 ,https://www.grubhub.com/restaurant/1526385,True,
599,1526409 ,https://www.grubhub.com/restaurant/1526409,True,
600,1526439 ,https://www.grubhub.com/restaurant/1526439,True,
601,1526481 ,https://www.grubhub.com/restaurant/1526481,True,
602,1526508 ,https://www.grubhub.com/restaurant/1526508,True,
603,1526514 ,https://www.grubhub.com/restaurant/1526514,True,
604,1526545 ,https://www.grubhub.com/restaurant/1526545,True,
605,1526569 ,https://www.grubhub.com/restaurant/1526569,True,
606,1526585 ,https://www.grubhub.com/restaurant/1526585,True,
607,1526610 ,https://www.grubhub.com/restaurant/1526610,True,
608,1526625 ,https://www.grubhub.com/restaurant/1526625,True,
609,1526628 ,https://www.grubhub.com/restaurant/1526628,True,
610,1526639 ,https://www.grubhub.com/restaurant/1526639,True,
611,1526670 ,https://www.grubhub.com/restaurant/1526670,True,
612,1526728 ,https://www.grubhub.com/restaurant/1526728,True,
613,1526742 ,https://www.grubhub.com/restaurant/1526742,True,
614,1526752 ,https://www.grubhub.com/restaurant/1526752,True,
615,1526758 ,https://www.grubhub.com/restaurant/1526758,True,
616,1526792 ,https://www.grubhub.com/restaurant/1526792,True,
617,1526798 ,https://www.grubhub.com/restaurant/1526798,True,
618,1526823 ,https://www.grubhub.com/restaurant/1526823,True,
619,1526828 ,https://www.grubhub.com/restaurant/1526828,True,
620,1526840 ,https://www.grubhub.com/restaurant/1526840,True,
621,1526869 ,https://www.grubhub.com/restaurant/1526869,True,
622,1526870 ,https://www.grubhub.com/restaurant/1526870,True,
623,1526896 ,https://www.grubhub.com/restaurant/1526896,True,
624,1526908 ,https://www.grubhub.com/restaurant/1526908,True,
625,1526949 ,https://www.grubhub.com/restaurant/1526949,True,
626,1526961 ,https://www.grubhub.com/restaurant/1526961,True,
627,1526968 ,https://www.grubhub.com/restaurant/1526968,True,
628,1526980 ,https://www.grubhub.com/restaurant/1526980,True,
629,1527084 ,https://www.grubhub.com/restaurant/1527084,True,
630,1527153 ,https://www.grubhub.com/restaurant/1527153,True,
631,1527174 ,https://www.grubhub.com/restaurant/1527174,True,
632,1527190 ,https://www.grubhub.com/restaurant/1527190,True,
633,1527194 ,https://www.grubhub.com/restaurant/1527194,True,
634,1527198 ,https://www.grubhub.com/restaurant/1527198,True,
635,1527221 ,https://www.grubhub.com/restaurant/1527221,True,
636,1527275 ,https://www.grubhub.com/restaurant/1527275,True,
637,1527281 ,https://www.grubhub.com/restaurant/1527281,True,
638,1527331 ,https://www.grubhub.com/restaurant/1527331,True,
639,1527376 ,https://www.grubhub.com/restaurant/1527376,True,
640,1527440 ,https://www.grubhub.com/restaurant/1527440,True,
641,1527461 ,https://www.grubhub.com/restaurant/1527461,True,
642,1527484 ,https://www.grubhub.com/restaurant/1527484,True,
643,1527567 ,https://www.grubhub.com/restaurant/1527567,True,
644,1527568 ,https://www.grubhub.com/restaurant/1527568,True,
645,1527602 ,https://www.grubhub.com/restaurant/1527602,True,
646,1527607 ,https://www.grubhub.com/restaurant/1527607,True,
647,1527615 ,https://www.grubhub.com/restaurant/1527615,True,
648,1527627 ,https://www.grubhub.com/restaurant/1527627,True,
649,1527635 ,https://www.grubhub.com/restaurant/1527635,True,
650,1527644 ,https://www.grubhub.com/restaurant/1527644,True,
651,1527673 ,https://www.grubhub.com/restaurant/1527673,True,
652,1527678 ,https://www.grubhub.com/restaurant/1527678,True,
653,1527683 ,https://www.grubhub.com/restaurant/1527683,True,
654,1527688 ,https://www.grubhub.com/restaurant/1527688,True,
655,1527699 ,https://www.grubhub.com/restaurant/1527699,True,
656,1527717 ,https://www.grubhub.com/restaurant/1527717,True,
657,1527721 ,https://www.grubhub.com/restaurant/1527721,True,
658,1527768 ,https://www.grubhub.com/restaurant/1527768,True,
659,1527769 ,https://www.grubhub.com/restaurant/1527769,True,
660,1527771 ,https://www.grubhub.com/restaurant/1527771,True,
661,1527786 ,https://www.grubhub.com/restaurant/1527786,True,
662,1527812 ,https://www.grubhub.com/restaurant/1527812,True,
663,1527828 ,https://www.grubhub.com/restaurant/1527828,True,
664,1527832 ,https://www.grubhub.com/restaurant/1527832,True,
665,1527838 ,https://www.grubhub.com/restaurant/1527838,True,
666,1527852 ,https://www.grubhub.com/restaurant/1527852,True,
667,1527857 ,https://www.grubhub.com/restaurant/1527857,True,
668,1527858 ,https://www.grubhub.com/restaurant/1527858,True,
669,1527861 ,https://www.grubhub.com/restaurant/1527861,True,
670,1527873 ,https://www.grubhub.com/restaurant/1527873,True,
671,1527875 ,https://www.grubhub.com/restaurant/1527875,True,
672,1527880 ,https://www.grubhub.com/restaurant/1527880,True,
673,1527889 ,https://www.grubhub.com/restaurant/1527889,True,
674,1527890 ,https://www.grubhub.com/restaurant/1527890,True,
675,1527906 ,https://www.grubhub.com/restaurant/1527906,True,
676,1527912 ,https://www.grubhub.com/restaurant/1527912,True,
677,1527947 ,https://www.grubhub.com/restaurant/1527947,True,
678,1527959 ,https://www.grubhub.com/restaurant/1527959,True,
679,1527979 ,https://www.grubhub.com/restaurant/1527979,True,
680,1528076 ,https://www.grubhub.com/restaurant/1528076,True,
681,1528136 ,https://www.grubhub.com/restaurant/1528136,True,
682,1528156 ,https://www.grubhub.com/restaurant/1528156,True,
683,1528180 ,https://www.grubhub.com/restaurant/1528180,True,
684,1528227 ,https://www.grubhub.com/restaurant/1528227,True,
685,1528248 ,https://www.grubhub.com/restaurant/1528248,True,
686,1528252 ,https://www.grubhub.com/restaurant/1528252,True,
687,1528254 ,https://www.grubhub.com/restaurant/1528254,True,
688,1528256 ,https://www.grubhub.com/restaurant/1528256,True,
689,1528305 ,https://www.grubhub.com/restaurant/1528305,True,
690,1528324 ,https://www.grubhub.com/restaurant/1528324,True,
691,1528338 ,https://www.grubhub.com/restaurant/1528338,True,
692,1528349 ,https://www.grubhub.com/restaurant/1528349,True,
693,1528364 ,https://www.grubhub.com/restaurant/1528364,True,
694,1528386 ,https://www.grubhub.com/restaurant/1528386,True,
695,1528397 ,https://www.grubhub.com/restaurant/1528397,True,
696,1528411 ,https://www.grubhub.com/restaurant/1528411,True,
697,1528425 ,https://www.grubhub.com/restaurant/1528425,True,
698,1528440 ,https://www.grubhub.com/restaurant/1528440,True,
699,1528451 ,https://www.grubhub.com/restaurant/1528451,True,
700,1528457 ,https://www.grubhub.com/restaurant/1528457,True,
701,1528514 ,https://www.grubhub.com/restaurant/1528514,True,
702,1528545 ,https://www.grubhub.com/restaurant/1528545,True,
703,1528558 ,https://www.grubhub.com/restaurant/1528558,True,
704,1528590 ,https://www.grubhub.com/restaurant/1528590,True,
705,1528605 ,https://www.grubhub.com/restaurant/1528605,True,
706,1528611 ,https://www.grubhub.com/restaurant/1528611,True,
707,1528626 ,https://www.grubhub.com/restaurant/1528626,True,
708,1528627 ,https://www.grubhub.com/restaurant/1528627,True,
709,1528647 ,https://www.grubhub.com/restaurant/1528647,True,
710,1528665 ,https://www.grubhub.com/restaurant/1528665,True,
711,1528672 ,https://www.grubhub.com/restaurant/1528672,True,
712,1528699 ,https://www.grubhub.com/restaurant/1528699,True,
713,1528714 ,https://www.grubhub.com/restaurant/1528714,True,
714,1528720 ,https://www.grubhub.com/restaurant/1528720,True,
715,1528791 ,https://www.grubhub.com/restaurant/1528791,True,
716,1528814 ,https://www.grubhub.com/restaurant/1528814,True,
717,1528844 ,https://www.grubhub.com/restaurant/1528844,True,
718,1528856 ,https://www.grubhub.com/restaurant/1528856,True,
719,1528863 ,https://www.grubhub.com/restaurant/1528863,True,
720,1528887 ,https://www.grubhub.com/restaurant/1528887,True,
721,1528926 ,https://www.grubhub.com/restaurant/1528926,True,
722,1528935 ,https://www.grubhub.com/restaurant/1528935,True,
723,1528948 ,https://www.grubhub.com/restaurant/1528948,True,
724,1528950 ,https://www.grubhub.com/restaurant/1528950,True,
725,1528953 ,https://www.grubhub.com/restaurant/1528953,True,
726,1528980 ,https://www.grubhub.com/restaurant/1528980,True,
727,1528996 ,https://www.grubhub.com/restaurant/1528996,True,
728,1529054 ,https://www.grubhub.com/restaurant/1529054,True,
729,1529055 ,https://www.grubhub.com/restaurant/1529055,True,
730,1529061 ,https://www.grubhub.com/restaurant/1529061,True,
731,1529063 ,https://www.grubhub.com/restaurant/1529063,True,
732,1529118 ,https://www.grubhub.com/restaurant/1529118,True,
733,1529126 ,https://www.grubhub.com/restaurant/1529126,True,
734,1529138 ,https://www.grubhub.com/restaurant/1529138,True,
735,1529162 ,https://www.grubhub.com/restaurant/1529162,True,
736,1529191 ,https://www.grubhub.com/restaurant/1529191,True,
737,1529194 ,https://www.grubhub.com/restaurant/1529194,True,
738,1529205 ,https://www.grubhub.com/restaurant/1529205,True,
739,1529230 ,https://www.grubhub.com/restaurant/1529230,True,
740,1529270 ,https://www.grubhub.com/restaurant/1529270,True,
741,1529280 ,https://www.grubhub.com/restaurant/1529280,True,
742,1529298 ,https://www.grubhub.com/restaurant/1529298,True,
743,1529330 ,https://www.grubhub.com/restaurant/1529330,True,
744,1529361 ,https://www.grubhub.com/restaurant/1529361,True,
745,1529385 ,https://www.grubhub.com/restaurant/1529385,True,
746,1529386 ,https://www.grubhub.com/restaurant/1529386,True,
747,1529389 ,https://www.grubhub.com/restaurant/1529389,True,
748,1529409 ,https://www.grubhub.com/restaurant/1529409,True,
749,1529424 ,https://www.grubhub.com/restaurant/1529424,True,
750,1529429 ,https://www.grubhub.com/restaurant/1529429,True,
751,1529430 ,https://www.grubhub.com/restaurant/1529430,True,
752,1529482 ,https://www.grubhub.com/restaurant/1529482,True,
753,1529518 ,https://www.grubhub.com/restaurant/1529518,True,
754,1529554 ,https://www.grubhub.com/restaurant/1529554,True,
755,1529566 ,https://www.grubhub.com/restaurant/1529566,True,
756,1529585 ,https://www.grubhub.com/restaurant/1529585,True,
757,1529633 ,https://www.grubhub.com/restaurant/1529633,True,
758,1529638 ,https://www.grubhub.com/restaurant/1529638,True,
759,1529664 ,https://www.grubhub.com/restaurant/1529664,True,
760,1529702 ,https://www.grubhub.com/restaurant/1529702,True,
761,1529752 ,https://www.grubhub.com/restaurant/1529752,True,
762,1529754 ,https://www.grubhub.com/restaurant/1529754,True,
763,1529759 ,https://www.grubhub.com/restaurant/1529759,True,
764,1529848 ,https://www.grubhub.com/restaurant/1529848,True,
765,1529851 ,https://www.grubhub.com/restaurant/1529851,True,
766,1529880 ,https://www.grubhub.com/restaurant/1529880,True,
767,1529881 ,https://www.grubhub.com/restaurant/1529881,True,
768,1529901 ,https://www.grubhub.com/restaurant/1529901,True,
769,1529918 ,https://www.grubhub.com/restaurant/1529918,True,
770,1529962 ,https://www.grubhub.com/restaurant/1529962,True,
771,1529986 ,https://www.grubhub.com/restaurant/1529986,True,
772,1530029 ,https://www.grubhub.com/restaurant/1530029,True,
773,1530043 ,https://www.grubhub.com/restaurant/1530043,True,
774,1530080 ,https://www.grubhub.com/restaurant/1530080,True,
775,1530125 ,https://www.grubhub.com/restaurant/1530125,True,
776,1530132 ,https://www.grubhub.com/restaurant/1530132,True,
777,1530154 ,https://www.grubhub.com/restaurant/1530154,True,
778,1530236 ,https://www.grubhub.com/restaurant/1530236,True,
779,1530409 ,https://www.grubhub.com/restaurant/1530409,True,
780,1530419 ,https://www.grubhub.com/restaurant/1530419,True,
781,1530422 ,https://www.grubhub.com/restaurant/1530422,True,
782,1530437 ,https://www.grubhub.com/restaurant/1530437,True,
783,1530440 ,https://www.grubhub.com/restaurant/1530440,True,
784,1530441 ,https://www.grubhub.com/restaurant/1530441,True,
785,1530443 ,https://www.grubhub.com/restaurant/1530443,True,
786,1530458 ,https://www.grubhub.com/restaurant/1530458,True,
787,1530469 ,https://www.grubhub.com/restaurant/1530469,True,
788,1530487 ,https://www.grubhub.com/restaurant/1530487,True,
789,1530502 ,https://www.grubhub.com/restaurant/1530502,True,
790,1530529 ,https://www.grubhub.com/restaurant/1530529,True,
791,1530538 ,https://www.grubhub.com/restaurant/1530538,True,
792,1530552 ,https://www.grubhub.com/restaurant/1530552,True,
793,1530562 ,https://www.grubhub.com/restaurant/1530562,True,
794,1530579 ,https://www.grubhub.com/restaurant/1530579,True,
795,1530584 ,https://www.grubhub.com/restaurant/1530584,True,
796,1530590 ,https://www.grubhub.com/restaurant/1530590,True,
797,1530612 ,https://www.grubhub.com/restaurant/1530612,True,
798,1530616 ,https://www.grubhub.com/restaurant/1530616,True,
799,1530626 ,https://www.grubhub.com/restaurant/1530626,True,
800,1530634 ,https://www.grubhub.com/restaurant/1530634,True,
801,1530643 ,https://www.grubhub.com/restaurant/1530643,True,
802,1530644 ,https://www.grubhub.com/restaurant/1530644,True,
803,1530646 ,https://www.grubhub.com/restaurant/1530646,True,
804,1530664 ,https://www.grubhub.com/restaurant/1530664,True,
805,1530681 ,https://www.grubhub.com/restaurant/1530681,True,
806,1530683 ,https://www.grubhub.com/restaurant/1530683,True,
807,1530718 ,https://www.grubhub.com/restaurant/1530718,True,
808,1530743 ,https://www.grubhub.com/restaurant/1530743,True,
809,1530780 ,https://www.grubhub.com/restaurant/1530780,True,
810,1530788 ,https://www.grubhub.com/restaurant/1530788,True,
811,1530796 ,https://www.grubhub.com/restaurant/1530796,True,
812,1530804 ,https://www.grubhub.com/restaurant/1530804,True,
813,1530818 ,https://www.grubhub.com/restaurant/1530818,True,
814,1530821 ,https://www.grubhub.com/restaurant/1530821,True,
815,1530836 ,https://www.grubhub.com/restaurant/1530836,True,
816,1530846 ,https://www.grubhub.com/restaurant/1530846,True,
817,1530848 ,https://www.grubhub.com/restaurant/1530848,True,
818,1530860 ,https://www.grubhub.com/restaurant/1530860,True,
819,1530902 ,https://www.grubhub.com/restaurant/1530902,True,
820,1530937 ,https://www.grubhub.com/restaurant/1530937,True,
821,1531013 ,https://www.grubhub.com/restaurant/1531013,True,
822,1531030 ,https://www.grubhub.com/restaurant/1531030,True,
823,1531058 ,https://www.grubhub.com/restaurant/1531058,True,
824,1531083 ,https://www.grubhub.com/restaurant/1531083,True,
825,1531098 ,https://www.grubhub.com/restaurant/1531098,True,
826,1531127 ,https://www.grubhub.com/restaurant/1531127,True,
827,1531145 ,https://www.grubhub.com/restaurant/1531145,True,
828,1531148 ,https://www.grubhub.com/restaurant/1531148,True,
829,1531162 ,https://www.grubhub.com/restaurant/1531162,True,
830,1531229 ,https://www.grubhub.com/restaurant/1531229,True,
831,1531257 ,https://www.grubhub.com/restaurant/1531257,True,
832,1531263 ,https://www.grubhub.com/restaurant/1531263,True,
833,1531297 ,https://www.grubhub.com/restaurant/1531297,True,
834,1531299 ,https://www.grubhub.com/restaurant/1531299,True,
835,1531325 ,https://www.grubhub.com/restaurant/1531325,True,
836,1531326 ,https://www.grubhub.com/restaurant/1531326,True,
837,1531327 ,https://www.grubhub.com/restaurant/1531327,True,
838,1531328 ,https://www.grubhub.com/restaurant/1531328,True,
839,1531335 ,https://www.grubhub.com/restaurant/1531335,True,
840,1531346 ,https://www.grubhub.com/restaurant/1531346,True,
841,1531351 ,https://www.grubhub.com/restaurant/1531351,True,
842,1531358 ,https://www.grubhub.com/restaurant/1531358,True,
843,1531363 ,https://www.grubhub.com/restaurant/1531363,True,
844,1531382 ,https://www.grubhub.com/restaurant/1531382,True,
845,1531394 ,https://www.grubhub.com/restaurant/1531394,True,
846,1531403 ,https://www.grubhub.com/restaurant/1531403,True,
847,1531408 ,https://www.grubhub.com/restaurant/1531408,True,
848,1531526 ,https://www.grubhub.com/restaurant/1531526,True,
849,1531597 ,https://www.grubhub.com/restaurant/1531597,True,
850,1531606 ,https://www.grubhub.com/restaurant/1531606,True,
851,1531614 ,https://www.grubhub.com/restaurant/1531614,True,
852,1531633 ,https://www.grubhub.com/restaurant/1531633,True,
853,1531665 ,https://www.grubhub.com/restaurant/1531665,True,
854,1531706 ,https://www.grubhub.com/restaurant/1531706,True,
855,1531708 ,https://www.grubhub.com/restaurant/1531708,True,
856,1531727 ,https://www.grubhub.com/restaurant/1531727,True,
857,1531728 ,https://www.grubhub.com/restaurant/1531728,True,
858,1531742 ,https://www.grubhub.com/restaurant/1531742,True,
859,1531801 ,https://www.grubhub.com/restaurant/1531801,True,
860,1531823 ,https://www.grubhub.com/restaurant/1531823,True,
861,1531998 ,https://www.grubhub.com/restaurant/1531998,True,
862,1532185 ,https://www.grubhub.com/restaurant/1532185,True,
863,1536787 ,https://www.grubhub.com/restaurant/1536787,True,
864,1537191 ,https://www.grubhub.com/restaurant/1537191,True,
865,1537590 ,https://www.grubhub.com/restaurant/1537590,True,
866,1537948 ,https://www.grubhub.com/restaurant/1537948,True,
867,1537949 ,https://www.grubhub.com/restaurant/1537949,True,
868,1537970 ,https://www.grubhub.com/restaurant/1537970,True,
869,1538020 ,https://www.grubhub.com/restaurant/1538020,True,
870,1538027 ,https://www.grubhub.com/restaurant/1538027,True,
871,1538032 ,https://www.grubhub.com/restaurant/1538032,True,
872,1538049 ,https://www.grubhub.com/restaurant/1538049,True,
873,1538062 ,https://www.grubhub.com/restaurant/1538062,True,
874,1538077 ,https://www.grubhub.com/restaurant/1538077,True,
875,1538117 ,https://www.grubhub.com/restaurant/1538117,True,
876,1538134 ,https://www.grubhub.com/restaurant/1538134,True,
877,1538272 ,https://www.grubhub.com/restaurant/1538272,True,
878,1538325 ,https://www.grubhub.com/restaurant/1538325,True,
879,1538332 ,https://www.grubhub.com/restaurant/1538332,True,
880,1538363 ,https://www.grubhub.com/restaurant/1538363,True,
881,1538382 ,https://www.grubhub.com/restaurant/1538382,True,
882,1538383 ,https://www.grubhub.com/restaurant/1538383,True,
883,1538389 ,https://www.grubhub.com/restaurant/1538389,True,
884,1538430 ,https://www.grubhub.com/restaurant/1538430,True,
885,1538440 ,https://www.grubhub.com/restaurant/1538440,True,
886,1538459 ,https://www.grubhub.com/restaurant/1538459,True,
887,1538490 ,https://www.grubhub.com/restaurant/1538490,True,
888,1538516 ,https://www.grubhub.com/restaurant/1538516,True,
889,1538526 ,https://www.grubhub.com/restaurant/1538526,True,
890,1538558 ,https://www.grubhub.com/restaurant/1538558,True,
891,1538603 ,https://www.grubhub.com/restaurant/1538603,True,
892,1538608 ,https://www.grubhub.com/restaurant/1538608,True,
893,1538702 ,https://www.grubhub.com/restaurant/1538702,True,
894,1538711 ,https://www.grubhub.com/restaurant/1538711,True,
895,1538720 ,https://www.grubhub.com/restaurant/1538720,True,
896,1538728 ,https://www.grubhub.com/restaurant/1538728,True,
897,1538800 ,https://www.grubhub.com/restaurant/1538800,True,
898,1538880 ,https://www.grubhub.com/restaurant/1538880,True,
899,1538932 ,https://www.grubhub.com/restaurant/1538932,True,
900,1538959 ,https://www.grubhub.com/restaurant/1538959,True,
901,1538989 ,https://www.grubhub.com/restaurant/1538989,True,
902,1539017 ,https://www.grubhub.com/restaurant/1539017,True,
903,1539033 ,https://www.grubhub.com/restaurant/1539033,True,
904,1539048 ,https://www.grubhub.com/restaurant/1539048,True,
905,1539053 ,https://www.grubhub.com/restaurant/1539053,True,
906,1539078 ,https://www.grubhub.com/restaurant/1539078,True,
907,1539083 ,https://www.grubhub.com/restaurant/1539083,True,
908,1539086 ,https://www.grubhub.com/restaurant/1539086,True,
909,1539099 ,https://www.grubhub.com/restaurant/1539099,True,
910,1539107 ,https://www.grubhub.com/restaurant/1539107,True,
911,1539174 ,https://www.grubhub.com/restaurant/1539174,True,
912,1539189 ,https://www.grubhub.com/restaurant/1539189,True,
913,1539194 ,https://www.grubhub.com/restaurant/1539194,True,
914,1539226 ,https://www.grubhub.com/restaurant/1539226,True,
915,1539238 ,https://www.grubhub.com/restaurant/1539238,True,
916,1539266 ,https://www.grubhub.com/restaurant/1539266,True,
917,1539277 ,https://www.grubhub.com/restaurant/1539277,True,
918,1539373 ,https://www.grubhub.com/restaurant/1539373,True,
919,1539378 ,https://www.grubhub.com/restaurant/1539378,True,
920,1539390 ,https://www.grubhub.com/restaurant/1539390,True,
921,1539394 ,https://www.grubhub.com/restaurant/1539394,True,
922,1539437 ,https://www.grubhub.com/restaurant/1539437,True,
923,1539515 ,https://www.grubhub.com/restaurant/1539515,True,
924,1539517 ,https://www.grubhub.com/restaurant/1539517,True,
925,1539581 ,https://www.grubhub.com/restaurant/1539581,True,
926,1539639 ,https://www.grubhub.com/restaurant/1539639,True,
927,1539643 ,https://www.grubhub.com/restaurant/1539643,True,
928,1539674 ,https://www.grubhub.com/restaurant/1539674,True,
929,1539679 ,https://www.grubhub.com/restaurant/1539679,True,
930,1539706 ,https://www.grubhub.com/restaurant/1539706,True,
931,1539764 ,https://www.grubhub.com/restaurant/1539764,True,
932,1539769 ,https://www.grubhub.com/restaurant/1539769,True,
933,1539775 ,https://www.grubhub.com/restaurant/1539775,True,
934,1539826 ,https://www.grubhub.com/restaurant/1539826,True,
935,1539852 ,https://www.grubhub.com/restaurant/1539852,True,
936,1539871 ,https://www.grubhub.com/restaurant/1539871,True,
937,1539881 ,https://www.grubhub.com/restaurant/1539881,True,
938,1539883 ,https://www.grubhub.com/restaurant/1539883,True,
939,1539936 ,https://www.grubhub.com/restaurant/1539936,True,
940,1539958 ,https://www.grubhub.com/restaurant/1539958,True,
941,1539981 ,https://www.grubhub.com/restaurant/1539981,True,
942,1539986 ,https://www.grubhub.com/restaurant/1539986,True,
943,1540027 ,https://www.grubhub.com/restaurant/1540027,True,
944,1540030 ,https://www.grubhub.com/restaurant/1540030,True,
945,1540038 ,https://www.grubhub.com/restaurant/1540038,True,
946,1540043 ,https://www.grubhub.com/restaurant/1540043,True,
947,1540046 ,https://www.grubhub.com/restaurant/1540046,True,
948,1540063 ,https://www.grubhub.com/restaurant/1540063,True,
949,1540143 ,https://www.grubhub.com/restaurant/1540143,True,
950,1540189 ,https://www.grubhub.com/restaurant/1540189,True,
951,1540190 ,https://www.grubhub.com/restaurant/1540190,True,
952,1540200 ,https://www.grubhub.com/restaurant/1540200,True,
953,1540225 ,https://www.grubhub.com/restaurant/1540225,True,
954,1540316 ,https://www.grubhub.com/restaurant/1540316,True,
955,1540327 ,https://www.grubhub.com/restaurant/1540327,True,
956,1540354 ,https://www.grubhub.com/restaurant/1540354,True,
957,1540417 ,https://www.grubhub.com/restaurant/1540417,True,
958,1540511 ,https://www.grubhub.com/restaurant/1540511,True,
959,1540512 ,https://www.grubhub.com/restaurant/1540512,True,
960,1540537 ,https://www.grubhub.com/restaurant/1540537,True,
961,1540599 ,https://www.grubhub.com/restaurant/1540599,True,
962,1540639 ,https://www.grubhub.com/restaurant/1540639,True,
963,1540710 ,https://www.grubhub.com/restaurant/1540710,True,
964,1540727 ,https://www.grubhub.com/restaurant/1540727,True,
965,1540836 ,https://www.grubhub.com/restaurant/1540836,True,
966,1540841 ,https://www.grubhub.com/restaurant/1540841,True,
967,1541220 ,https://www.grubhub.com/restaurant/1541220,True,
968,1541228 ,https://www.grubhub.com/restaurant/1541228,True,
969,1541276 ,https://www.grubhub.com/restaurant/1541276,True,
970,1541291 ,https://www.grubhub.com/restaurant/1541291,True,
971,1541294 ,https://www.grubhub.com/restaurant/1541294,True,
972,1541318 ,https://www.grubhub.com/restaurant/1541318,True,
973,1541384 ,https://www.grubhub.com/restaurant/1541384,True,
974,1949624 ,https://www.grubhub.com/restaurant/kfc-531-ca-49-jackson/1949624,,
975,2103106 ,https://www.grubhub.com/restaurant/don-pedro-mexican-food-8-1024-ne-82nd-ave-portland/2103106,,
976,2116523 ,https://www.grubhub.com/restaurant/lilac-thai-kitchen-10480-clairemont-mesa-blvd-san-diego/2116523,,true
977,2120339 ,https://www.grubhub.com/restaurant/bellagios-pizza-10115-sw-nimbus-ave-tigard/2120339,,true
978,2124835 ,https://www.grubhub.com/restaurant/chipotle-3271-lakeshore-ave-oakland/2124835,,
979,2139310 ,https://www.grubhub.com/restaurant/van-leeuwen-ice-cream-2925-sunset-blvd-los-angeles/2139310,,
980,2185071 ,https://www.grubhub.com/restaurant/royal-indian-cuisine-7610-pacific-ave-stockton/2185071,,
981,2185768 ,https://www.grubhub.com/restaurant/portal-oakland-1611-2nd-ave-oakland/2185768,,
982,2191759 ,https://www.grubhub.com/restaurant/sweetpea-baking-co-1205-se-stark-st-portland/2191759,,
983,2191880 ,https://www.grubhub.com/restaurant/kellis-cafe-14717-se-division-st-portland/2191880,,
984,2215575 ,https://www.grubhub.com/restaurant/lay-low-tavern-6015-se-powell-blvd-portland/2215575,,
985,2223967 ,https://www.grubhub.com/restaurant/fish-in-the-village-12450-burbank-blvd-los-angeles/2223967,,true
986,2234457 ,https://www.grubhub.com/restaurant/moonlight-thai-food-833-n-killingsworth-st-portland/2234457,,
987,2235700 ,https://www.grubhub.com/restaurant/cafe-con-todo-213-n-36th-st-seattle/2235700,,
988,2250285 ,https://www.grubhub.com/restaurant/valley-kabob-23975-newhall-ranch-rd-santa-clarita/2250285,,
989,2250685 ,https://www.grubhub.com/restaurant/casa-maria-authentic-mexican-restaurant-180-shaw-ave-clovis/2250685,,
990,2251639 ,https://www.grubhub.com/restaurant/tiger-garden-2885-78th-ave-se-mercer-island/2251639,,
991,2258487 ,https://www.grubhub.com/restaurant/dickie-jos-burger-1079-valley-river-way-eugene/2258487,,
992,2258609 ,https://www.grubhub.com/restaurant/trencher-1305-portia-st-los-angeles/2258609,,
993,2262266 ,https://www.grubhub.com/restaurant/albertacos-3245-w-little-league-dr-san-bernardino/2262266,,
994,2262358 ,https://www.grubhub.com/restaurant/mediterranean-gyro-grill-34024-hoyt-rd-sw-federal-way/2262358,,
995,2262715 ,https://www.grubhub.com/restaurant/pearl-cafe-506-showers-dr-ste-a-mountain-view/2262715,,
996,2265329 ,https://www.grubhub.com/restaurant/imperial-garden-18230-e-valley-hwy-ste-116-kent/2265329,,
997,2266082 ,https://www.grubhub.com/restaurant/karlitas-taco-place-woodside-rd-512-woodside-rd-redwood-city/2266082,,
998,2266753 ,https://www.grubhub.com/restaurant/little-ts-cafe-2020-ne-cornell-rd-hillsboro/2266753,,true
999,2285464 ,https://www.grubhub.com/restaurant/kino-sushi-6721-hollywood-blvd-los-angeles/2285464,,
1000,2285492 ,https://www.grubhub.com/restaurant/800-degrees-woodfired-kitchen---santa-monica-120-wilshire-blvd-santa-monica/2285492,,
1001,2290751 ,https://www.grubhub.com/restaurant/rock--wings-2858-niles-st-bakersfield/2290751,,
1002,2291576 ,https://www.grubhub.com/restaurant/cafe-nostos-1930-martin-luther-king-jr-way-berkeley/2291576,,
1003,2291702 ,https://www.grubhub.com/restaurant/coco-donuts-4790-se-milwaukie-ave-4730-portland/2291702,,
1004,2291717 ,https://www.grubhub.com/restaurant/pailin-thai-cuisine-5621-hollywood-blvd-los-angeles/2291717,,
1005,2291785 ,https://www.grubhub.com/restaurant/non-la-vietnamese-cuisine-18041-sw-lower-boones-ferry-rd-portland/2291785,,
1006,2292179 ,https://www.grubhub.com/restaurant/los-lagos-restaurant-4618-portland-rd-ne-salem/2292179,,
1007,2292923 ,https://www.grubhub.com/restaurant/abeautifullife-jamaican-cafe---ghd-216-s-spring-st-los-angeles/2292923,,
1008,2295418 ,https://www.grubhub.com/restaurant/kim-red-rose-restaurant-897-sw-oak-st-hillsboro/2295418,,
1009,2296043 ,https://www.grubhub.com/restaurant/noree-thai-on-beverly-7669-beverly-blvd-los-angeles/2296043,,
1010,2296912 ,https://www.grubhub.com/restaurant/canby-asparagus-farmcasa-de-tamales-10605-se-main-st-milwaukie/2296912,,
1011,2301407 ,https://www.grubhub.com/restaurant/norah-8279-santa-monica-blvd-west-hollywood/2301407,,true
1012,2303960 ,https://www.grubhub.com/restaurant/ijo-izakaya-1463-shattuck-ave-berkeley/2303960,,
1013,2304669 ,https://www.grubhub.com/restaurant/bad-sushi-11617-santa-monica-blvd-los-angeles/2304669,,
1014,2305798 ,https://www.grubhub.com/restaurant/board-house-coffee-11901-santa-monica-blvd-los-angeles/2305798,,
1015,2309293 ,https://www.grubhub.com/restaurant/kfc-56945-twentynine-palms-highway-yucca-valley/2309293,,
1016,2313448 ,https://www.grubhub.com/restaurant/kfc-73-main-st-placerville/2313448,,
1017,2313546 ,https://www.grubhub.com/restaurant/kfc-2400-grass-valley-hwy-auburn/2313546,,
1018,2319392 ,https://www.grubhub.com/restaurant/pokilicious-4290-riverwalk-pkwy-306-riverside/2319392,,
1019,2320137 ,https://www.grubhub.com/restaurant/barzotto-1270-valencia-st-san-francisco/2320137,,
1020,2322420 ,https://www.grubhub.com/restaurant/togos-26580-ynez-rd-temecula/2322420,,
1021,2322433 ,https://www.grubhub.com/restaurant/el-taquito-restaurant-2-215-w-winton-ave-hayward/2322433,,
1022,2326633 ,https://www.grubhub.com/restaurant/javiers-tacos-121-n-lombard-st-portland/2326633,,
1023,2326700 ,https://www.grubhub.com/restaurant/rosa-lindas-2057-w-bullard-ave-fresno/2326700,,
1024,2328547 ,https://www.grubhub.com/restaurant/pepper-tree-thai-cuisine-6555-sw-beaverton-hillsdale-hwy-portland/2328547,,
1025,2334494 ,https://www.grubhub.com/restaurant/carneys-studio-city-12601-ventura-blvd-los-angeles/2334494,,
1026,2343618 ,https://www.grubhub.com/restaurant/310-eatery-747-san-pablo-ave-albany/2343618,,
1027,2343655 ,https://www.grubhub.com/restaurant/delucas-italian-deli-781-americana-way-glendale/2343655,,true
1028,2343810 ,https://www.grubhub.com/restaurant/ming-sing-chinese-restaurant-840-w-lodi-ave-lodi/2343810,,
1029,2358272 ,https://www.grubhub.com/restaurant/nacis-corner-cafe-1900-granby-st-norfolk/2358272,,
1030,2365495 ,https://www.grubhub.com/restaurant/branchline-bar-5885-hollis-st-emeryville/2365495,,
1031,2365509 ,https://www.grubhub.com/restaurant/papa-johns-27927-seco-canyon-rd-santa-clarita/2365509,,
1032,2365953 ,https://www.grubhub.com/restaurant/abc-donuts-4555-e-3rd-st-los-angeles/2365953,,
1033,2366805 ,https://www.grubhub.com/restaurant/firestone-grill-bakersfield-3501-california-ave-bakersfield/2366805,,true
1034,2370342 ,https://www.grubhub.com/restaurant/coco-donuts-814-sw-6th-ave-portland/2370342,,
1035,2379115 ,https://www.grubhub.com/restaurant/tamales-los-angeles-710-n-eastern-ave-1-los-angeles/2379115,,
1036,2379538 ,https://www.grubhub.com/restaurant/ambrosia-restaurant-and-bar-174-e-broadway-eugene/2379538,,
1037,2396754 ,https://www.grubhub.com/restaurant/cafe-x2o-glendora-551-s-grand-ave-glendora/2396754,,
1038,2397051 ,https://www.grubhub.com/restaurant/kokio-chicken-dtla-517-e-olympic-blvd-los-angeles/2397051,,
1039,2398372 ,https://www.grubhub.com/restaurant/the-old-spaghetti-factory-21192-sw-langer-farms-pkwy-sherwood/2398372,,
1040,2399113 ,https://www.grubhub.com/restaurant/the-old-spaghetti-factory-1610-e-shaw-ave-fresno/2399113,,
1041,2399279 ,https://www.grubhub.com/restaurant/alexanderz-burgers---la-10727-s-central-ave-los-angeles/2399279,,
1042,2406194 ,https://www.grubhub.com/restaurant/m-cafe-de-chaya-7119-melrose-ave-los-angeles/2406194,,
1043,2421228 ,https://www.grubhub.com/restaurant/katalinas-island-grill--grocery-821-sycamore-ave-hayward/2421228,,true
1044,2438485 ,https://www.grubhub.com/restaurant/via-chicago-pizza-2013-ne-alberta-st-portland/2438485,,
1045,2443174 ,https://www.grubhub.com/restaurant/abigail-cafe--deli-1132-ballena-blvd-alameda/2443174,,
1046,2444644 ,https://www.grubhub.com/restaurant/mansun-japanese-restaurant-21190-golden-springs-dr-walnut/2444644,,
1047,2452994 ,https://www.grubhub.com/restaurant/butter-cafe--bakery-671-e-bonita-ave-san-dimas/2452994,,
1048,2453064 ,https://www.grubhub.com/restaurant/cubo-de-cuba-3106-se-hawthorne-blvd-portland/2453064,,
1049,2455747 ,https://www.grubhub.com/restaurant/don-juans-mexican-restaurant-2650-river-rd-eugene/2455747,,
1050,2460392 ,https://www.grubhub.com/restaurant/tacos-el-unico-1375-w-adams-los-angeles/2460392,,
1051,2463697 ,https://www.grubhub.com/restaurant/red-house-pizza-4615-park-blvd-san-diego/2463697,,
1052,2466426 ,https://www.grubhub.com/restaurant/double-dragon-restaurant-1235-se-division-st-portland/2466426,,true
1053,2470244 ,https://www.grubhub.com/restaurant/the-semi-tropic-1412-glendale-blvd-los-angeles/2470244,,
1054,2471088 ,https://www.grubhub.com/restaurant/bubbas-smokehouse-bbq-888-prospect-street-san-diego/2471088,,
1055,2472801 ,https://www.grubhub.com/restaurant/momo-sushi-15603-main-st-mill-creek/2472801,,
1056,2481856 ,https://www.grubhub.com/restaurant/ono-hawaiian-bbq-ono-026-143-barranca-st-west-covina/2481856,,
1057,2482224 ,https://www.grubhub.com/restaurant/ono-hawaiian-bbq-ono-012-10814-jefferson-blvd-culver-city/2482224,,
1058,2482265 ,https://www.grubhub.com/restaurant/ono-hawaiian-bbq-ono-042-3010-s-figueroa-st-los-angeles/2482265,,
1059,2482398 ,https://www.grubhub.com/restaurant/ono-hawaiian-bbq-ono-029-4779-firestone-blvd-south-gate/2482398,,
1060,2482399 ,https://www.grubhub.com/restaurant/ono-hawaiian-bbq-ono-030-657-w-redondo-beach-blvd-ste-1-gardena/2482399,,
1061,2483021 ,https://www.grubhub.com/restaurant/ono-hawaiian-bbq-ono-035-2201-s-atlantic-blvd-ste-a-monterey-park/2483021,,
1062,2485717 ,https://www.grubhub.com/restaurant/the-chicken-bowl-725-washington-blvd-montebello/2485717,,
1063,2488465 ,https://www.grubhub.com/restaurant/ome-calli-frozen-mexican-treats-12795-sw-canyon-rd-12795-sw-canyon-rd-beaverton/2488465,,
1064,2488579 ,https://www.grubhub.com/restaurant/crazy-kitchen-8294-sw-nyberg-st-tualatin/2488579,,true
1065,2492887 ,https://www.grubhub.com/restaurant/balrog-coffee-137-n-montebello-blvd-montebello/2492887,,
1066,2513285 ,https://www.grubhub.com/restaurant/emw-china-bistro-express-1093-e-champlain-dr-fresno/2513285,,
1067,2515851 ,https://www.grubhub.com/restaurant/shomi-japanese-cuisine-419-lincoln-center-stockton/2515851,,
1068,2525346 ,https://www.grubhub.com/restaurant/olivers-cafe-8931-se-foster-rd-portland/2525346,,
1069,2562757 ,https://www.grubhub.com/restaurant/sadie-maes-10530-se-washington-st-portland/2562757,,true
1070,2566157 ,https://www.grubhub.com/restaurant/sakura-chaya-1200-shaw-ave-unit--105-clovis/2566157,,
1071,2588601 ,https://www.grubhub.com/restaurant/sidestreet-pho-2304-encinal-ave-alameda/2588601,,
1072,2607792 ,https://www.grubhub.com/restaurant/bucatini-trattoria-46660-washington-st-la-quinta/2607792,,true
1073,263791 ,https://www.grubhub.com/restaurant/263791,True,
1074,2672444 ,https://www.grubhub.com/restaurant/carls-jr-10148-rosecrans-ave-bellflower/2672444,,
1075,2709951 ,https://www.grubhub.com/restaurant/burlap-coffee-511-40th-st-oakland/2709951,,
1076,318385 ,https://www.grubhub.com/restaurant/318385,True,
1077,328850 ,https://www.grubhub.com/restaurant/328850,True,
1078,332548 ,https://www.grubhub.com/restaurant/332548,True,
1079,332570 ,https://www.grubhub.com/restaurant/332570,True,
1080,336420 ,https://www.grubhub.com/restaurant/336420,True,
1081,343895 ,https://www.grubhub.com/restaurant/343895,True,
1082,385204 ,https://www.grubhub.com/restaurant/385204,True,
1083,447403 ,https://www.grubhub.com/restaurant/447403,True,
1084,514805 ,https://www.grubhub.com/restaurant/514805,True,
1085,547288 ,https://www.grubhub.com/restaurant/547288,True,
1086,547446 ,https://www.grubhub.com/restaurant/547446,True,
1087,547497 ,https://www.grubhub.com/restaurant/swagat-indian-cuisine-167-s-main-st-milpitas/547497,,
1088,548778 ,https://www.grubhub.com/restaurant/locanda-ravello-172-e-prospect-ave-danville/548778,,true
1089,549508 ,https://www.grubhub.com/restaurant/nikkos-mexican-grill---el-camino-408-el-camino-real-redwood-city/549508,,
1090,553648 ,https://www.grubhub.com/restaurant/553648,True,
1091,555072 ,https://www.grubhub.com/restaurant/555072,True,
1092,557053 ,https://www.grubhub.com/restaurant/557053,True,
1093,560548 ,https://www.grubhub.com/restaurant/560548,True,
1094,629505 ,https://www.grubhub.com/restaurant/629505,True,
1095,709358 ,https://www.grubhub.com/restaurant/709358,True,
1096,729984 ,https://www.grubhub.com/restaurant/729984,True,
1097,753148 ,https://www.grubhub.com/restaurant/753148,True,
1098,757657 ,https://www.grubhub.com/restaurant/subway-n-anchor-way-919-n-anchor-way-portland/757657,,
1099,794159 ,https://www.grubhub.com/restaurant/794159,True,
1100,823107 ,https://www.grubhub.com/restaurant/823107,True,
1101,970351 ,https://www.grubhub.com/restaurant/970351,True,
1102,976566 ,https://www.grubhub.com/restaurant/976566,True,
1103,978508 ,https://www.grubhub.com/restaurant/978508,True,
1104,984696 ,https://www.grubhub.com/restaurant/subway-1888-s-pacific-coast-hwy-redondo-beach/984696,,true
1105,985977 ,https://www.grubhub.com/restaurant/985977,True,
1106,994365 ,https://www.grubhub.com/restaurant/994365,True,
1107,994385 ,https://www.grubhub.com/restaurant/994385,True,
1108,994419 ,https://www.grubhub.com/restaurant/994419,True,
1109,994467 ,https://www.grubhub.com/restaurant/994467,True,
